<?xml version="1.0" encoding="UTF-8" standalone="yes"?>
<addon
    id="plugin.video.thaidital"
    version="1.0.1"
    name="Swisszz"
    provider-name="Chak"
    library="default.py">

  <requires>
    <import addon="xbmc.python" version="3.0.0" />
    <import addon="script.module.simplejson" optional="true" />
    <import addon="script.module.t0mm0.common" version="1.1.0" optional="true" />
  </requires>

  <extension point="xbmc.python.pluginsource" library="default.py">
    <provides>video</provides>
  </extension>

  <extension point="xbmc.addon.metadata">
    <summary>FreeTv</summary>
    <description>Watch FreeTv Videos</description>
    <platform>all</platform>
    <icon>icon.png</icon>
    <fanart>fanart.jpg</fanart>
  </extension>

</addon>
