<?xml version="1.0" encoding="UTF-8" standalone="yes"?>
<addon id="repository.myseries" name="My-Series Repository" version="1.0.0" provider-name="TVCHAK">
  <extension point="xbmc.addon.repository" name="My-Series Repository">
    <info compressed="false">https://example.com/zips/repository.myseries/addons.xml</info>
    <checksum>https://example.com/zips/repository.myseries/addons.xml.md5</checksum>
    <datadir zip="true">https://example.com/zips/</datadir>
  </extension>
  <extension point="xbmc.addon.metadata">
    <summary>Repository สำหรับติดตั้ง My-Series Addon</summary>
    <description>ใช้สำหรับติดตั้ง plugin.video.myseries</description>
    <platform>all</platform>
  </extension>
</addon>